product_slug,product_name,current_categories,suggested_top_level,final_top_level_slug
11-inc-titresimli-et-doku-penis-vibrator-gercek-hissin-yeni-tanimi,11 İnç Titreşimli Et Doku Penis Vibratör – Gerçek Hissin Yeni Tanımı!,"et-dokulu-urunler, sex-oyuncaklari",none,
12-titresim-fonksiyonlu-uzaktan-kumandali-yumurta-vibrator,12 TİTREŞİM FONKSİYONLU UZAKTAN KUMANDALI YUMURTA VİBRATÖR,"modern-vibratorler, sex-oyuncaklari",none,
17-cm-belden-baglamali-realistik-dildo-zenci-penis-set,17 cm Belden Bağlamalı Realistik Dildo Zenci Penis Set,"belden-baglamalilar, sex-oyuncaklari",none,
19-cm-ten-rengi-vantuzlu-dildo-gercekci-silikon-seks-oyuncagi-realistik-penis-dildo,19 CM Ten Rengi Vantuzlu Dildo – Gerçekçi Silikon Seks Oyuncağı | Realistik Penis Dildo,"realistik-dildolar, sex-oyuncaklari",none,
21cm-gercekci-dildo-yapay-penis-vibrator,21CM Gerçekçi Dildo Yapay Penis Vibratör,"realistik-vibratorler, sex-oyuncaklari",none,
21cm-yesil-jel-doku-dildo,21cm Yeşil Jel Doku Dildo,"realistik-dildolar, sex-oyuncaklari",none,
28-cm-gercekci-et-doku-uzun-dildo-penis,28 cm Gerçekçi Et Doku Uzun Dildo Penis,"et-dokulu-urunler, sex-oyuncaklari",none,
28-cm-titresimli-gercekci-kalin-dildo-penis-guclu-titresim-realistik-dick,28 cm Titreşimli Gerçekçi Kalın Dildo Penis | Güçlü Titreşim – Realistik Dick,"realistik-dildolar, sex-oyuncaklari",none,
2-si-1-arada-titresimli-realistik-catal-vibrator,2 si 1 Arada Titreşimli Realistik Çatal Vibratör,"modern-vibratorler, sex-oyuncaklari",none,
32cm-kahverengi-realistik-kilic-dildo,32cm Kahverengi Realistik Kılıç Dildo,"realistik-dildolar, sex-oyuncaklari",none,
3-boyutlu-suni-vajina-masturbator,3 Boyutlu Suni Vajina Mastürbatör,"erkeklere-ozel, suni-vajina-masturbatorler",erkek,
3-boyutlu-suni-vajina-masturbator-kirmizi,3 BOYUTLU SUNİ VAJİNA MASTÜRBATÖR (KIRMIZI),"erkeklere-ozel, suni-vajina-masturbatorler",erkek,
3-boyutlu-suni-vajina-masturbator-mavi,3 BOYUTLU SUNİ VAJİNA MASTÜRBATÖR (MAVİ),"erkeklere-ozel, suni-vajina-masturbatorler",erkek,
3-boyutlu-suni-vajina-masturbator-mor,3 BOYUTLU SUNİ VAJİNA MASTÜRBATÖR (MOR),"erkeklere-ozel, suni-vajina-masturbatorler",erkek,
6-kg-mini-yarim-vucut-manken,6 kg mini yarım vücut manken,"erkeklere-ozel, suni-vajina-masturbatorler",erkek,
alev-kirmizisi-fantezi-giyim-ozel-bolgesi-acik,Alev Kırmızısı Fantezi Giyim Özel Bölgesi Açık,"fantezi-giyim, kadinlara-ozel",kadin,
anal-temizleme-pompasi,Anal Temizleme Pompası,anal-oyuncaklar,none,
anal-ve-g-spot-uyarici-vibrator,Anal ve G-Spot Uyarıcı Vibratör,"modern-vibratorler, sex-oyuncaklari",none,
anal-vibrator-seks-oyuncaklari,Anal Vibratör Seks Oyuncakları,anal-oyuncaklar,none,
angel-sisme-bebek,Angel Şişme Bebek,"erkeklere-ozel, sisme-kadinlar",erkek,
ava-tpe-skeleton-tam-realistik-manken,Ava TPE-Skeleton Tam Realistik Manken,"realistik-mankenler, sex-oyuncaklari",none,
baile-dolgulu-titresimli-protez-strapon,Baile Dolgulu Titreşimli Protez Strapon,"belden-baglamalilar, sex-oyuncaklari",none,
bastan-cikarici-fantezi-vucut-corabi,Baştan Çıkarıcı Fantezi Vücut Çorabı,"fetis-fantezi, kadinlara-ozel",kadin,
bastan-cikarici-parlak-dantel-transparan-vucut-corabi,Baştan Çıkarıcı Parlak Dantel Transparan Vücut Çorabı,"fantezi-giyim, sex-oyuncaklari",none,
bastan-cikarici-tasli-fantezi-vucut-corabi,Baştan Çıkarıcı Taşlı Fantezi Vücut Çorabı,"fantezi-giyim, kadinlara-ozel",kadin,
bdsm-agiz-toplu-el-ayak-baglama-seti,BDSM Ağız Toplu El Ayak Bağlama Seti,"fetis-fantezi, kadinlara-ozel",kadin,
bdsm-fetis-deri-baglama-seti,BDSM FETİŞ DERİ BAĞLAMA SETİ,"fetis-fantezi, sex-oyuncaklari",none,
bdsm-fetis-set,BDSM Fetiş Set,"fetis-fantezi, kadinlara-ozel",kadin,
beautiful-johson-9-2-inc-vibrator,Beautiful Johson 9.2 İnç Vibratör,"et-dokulu-urunler, sex-oyuncaklari",none,
belden-baglamali-cift-tarafli-ici-dolu-strapon-penis,Belden Bağlamalı Çift Taraflı İçi Dolu Strapon Penis,"belden-baglamalilar, sex-oyuncaklari",cift,
belden-baglamali-ici-bos-titresimli-penis-vibrator,Belden Bağlamalı İçi Boş Titreşimli Penis Vibratör,"belden-baglamalilar, sex-oyuncaklari",none,
belden-baglamali-ici-dolu-strapon-penis,Belden Bağlamalı İçi Dolu Strapon Penis,"belden-baglamalilar, sex-oyuncaklari",none,
belden-baglamali-modern-dildo-mor,Belden Bağlamalı Modern Dildo Mor,"belden-baglamalilar, sex-oyuncaklari",none,
belden-baglamali-modern-dildo-siyah-12-5-cm,Belden Bağlamalı Modern Dildo Siyah 12.5 cm,"belden-baglamalilar, sex-oyuncaklari",none,
belden-baglamali-sisirilebilir-strapon-penis,Belden Bağlamalı Şişirilebilir Strapon Penis,"belden-baglamalilar, sex-oyuncaklari",none,
belden-baglamali-titresimli-12-5-cm-ici-bos-ikili-catal-strapon-penis,Belden Bağlamalı Titreşimli 12.5 cm İçi Boş İkili Çatal Strapon Penis,"belden-baglamalilar, sex-oyuncaklari",none,
bendy-twist-anal-boncuk,BENDY TWIST Anal Boncuk,anal-oyuncaklar,none,
bendy-twist-anal-boncuk-siyah,BENDY TWIST Anal Boncuk Siyah,anal-oyuncaklar,none,
best-man-150ml-buyuk-boy-anal-lubricant-jel,Best Man 150ML Büyük Boy Anal Lubricant Jel,kayganlastirici-jeller,none,
best-man-150ml-buyuk-boy-cilekli-lubricant-jel,Best Man 150ML Büyük Boy Çilekli Lubricant Jel,kayganlastirici-jeller,none,
beyaz-dantel-fantazi-ic-camasir,Beyaz Danteli Fantazi İç Çamaşır,"fantezi-giyim, kadinlara-ozel",kadin,
beyaz-jel-dildo-19-cm,Beyaz Jel Dildo 19 cm,"realistik-dildolar, sex-oyuncaklari",none,
beyaz-seffaf-jel-dildo,Beyaz Şeffaf Jel Dildo,"realistik-dildolar, sex-oyuncaklari",none,
big-ass-buyuk-boy-ultra-realistik-anal-vajinal-girisli-et-dokusunda-kalca,BIG ASS Büyük Boy Ultra Realistik Anal Vajinal Girişli Et Dokusunda Kalça,"erkeklere-ozel, suni-vajina-masturbatorler",erkek,
big-pussy-lilac-cift-tarafli-gercekci-et-dokusunda-anal-oral-ve-vajina-masturbator,BIG PUSSY Lilac Çift Taraflı Gerçekçi Et Dokusunda Anal Oral ve Vajina Mastürbatör,"sex-oyuncaklari, suni-vajina-masturbatorler",cift,
big-size-dildo-buyuk-boy-realistik-penis-27-cm,BIG SIZE Dildo Büyük Boy Realistik Penis 27 CM,"realistik-dildolar, sex-oyuncaklari",none,
big-size-dildo-buyuk-boy-realistik-zenci-penis-27-cm,BIG SIZE Dildo Büyük Boy Realistik Zenci Penis 27 CM,"realistik-dildolar, sex-oyuncaklari",none,
bogumu-titresimli-penis-halkasi,Boğumu Titreşimli Penis Halkası,"erkeklere-ozel, halka-kiliflar",erkek,
bona-tessa-su-bazli-kayganlastirici-masaj-jeli-250-ml,Bona Tessa Su Bazlı Kayganlaştırıcı Masaj Jeli 250 ML,kayganlastirici-jeller,none,
bona-tessa-su-bazli-kayganlastirici-masaj-jeli-250-ml-cilekli,Bona Tessa Su Bazlı Kayganlaştırıcı Masaj Jeli 250 ML Çilekli,kayganlastirici-jeller,none,
bona-tessa-su-bazli-kayganlastirici-masaj-jeli-400-ml,Bona Tessa Su Bazlı Kayganlaştırıcı Masaj Jeli 400 ML,kayganlastirici-jeller,none,
born-to-feeling-isitmali-vibrator,Born To Feeling Isıtmalı Vibratör,"modern-vibratorler, sex-oyuncaklari",none,
buyuleyici-parlak-siyah-dantel-body,Büyüleyici Parlak Siyah Dantel Body,"fantezi-giyim, kadinlara-ozel",kadin,
cabs-bona-tessa-gel-vanilyali-250-ml,Cabs Bona Tessa Gel Vanilyalı 250 ml,kayganlastirici-jeller,none,
cabs-glide-120-ml-kayganlastirici-jel,Cabs Glide 120 ml Kayganlaştırıcı Jel,kayganlastirici-jeller,none,
cabs-glide-kayganlastirici-jel-250ml,CABS GLIDE KAYGANLAŞTIRICI JEL 250ML,kayganlastirici-jeller,none,
candy-love-doll-3-islevli-sisme-bebek,CANDY LOVE DOLL 3 İŞLEVLİ ŞİŞME BEBEK,"erkeklere-ozel, sisme-kadinlar",erkek,
cantharis-d6-kadin-damla,Cantharis D6 Kadın Damla,"bayan-istek-arttiricilar, kadinlara-ozel",kadin,
chane-5-cm-dolgulu-premium-silikon-penis-kilifi-ten-rengi-gercekci,Chane 5 cm Dolgulu Premium Silikon Penis Kılıfı – Ten Rengi Gerçekçi,"halka-kiliflar, sex-oyuncaklari",none,
cift-girisli-anal-ve-vajinal-gercekci-masturbator,Çift Girişli Anal ve Vajinal Gerçekçi Mastürbatör,"erkeklere-ozel, suni-vajina-masturbatorler",erkek,
cift-tarafli-gercekci-et-dokusunda-oral-ve-vajina-masturbator,Çift Taraflı Gerçekçi Et Dokusunda Oral ve Vajina Mastürbatör,"erkeklere-ozel, suni-vajina-masturbatorler",erkek,
cift-tarafli-kemerli-protez-penis,ÇİFT TARAFLI KEMERLİ PROTEZ PENİS,"belden-baglamalilar, sex-oyuncaklari",none,
cift-uclu-ten-rengi-realistik-catal-dildo,Çift Uçlu Ten Rengi Realistik Çatal Dildo,"realistik-dildolar, sex-oyuncaklari",cift,
deadly-shark-48000-geciktirici-krem,Deadly Shark 48000 Geciktirici Krem,geciktiriciler,none,
deri-belden-baglama-penis-kemeri,Deri Belden Bağlama Penis Kemeri,"belden-baglamalilar, sex-oyuncaklari",none,
deri-kirmizi-kelepce,Deri Kırmızı Kelepçe,"fetis-fantezi, kadinlara-ozel",kadin,
deri-transparan-fantazi-elbise,Deri Transparan Fantazi Elbise,"fantezi-giyim, kadinlara-ozel",kadin,
dolgulu-ici-bos-belden-baglamali-titresimli-kumandali-vibrator-strap-on,DOLGULU İÇİ BOŞ BELDEN BAĞLAMALI TİTREŞİMLİ KUMANDALI VİBRATÖR STRAP-ON,"belden-baglamalilar, sex-oyuncaklari",none,
double-vibrating-eggs-usb-girisli-kegel-egzersiz-vajina-anal-orgazm-topu,Double Vibrating Eggs Usb Girişli Kegel Egzersiz Vajina Anal Orgazm Topu,"modern-vibratorler, sex-oyuncaklari",none,
dylans-strap-on-penis-kemerli-dildo,DYLAN'S STRAP-ON PENİS Kemerli Dildo,"belden-baglamalilar, sex-oyuncaklari",none,
elmas-tasli-silikon-kapli-anal-plug-l-boy,Elmas Taşlı Silikon Kaplı Anal Plug L Boy,anal-oyuncaklar,none,
elmas-tasli-silikon-kapli-anal-plug-m-orta-boy,Elmas Taşlı Silikon Kaplı Anal Plug M Orta Boy,anal-oyuncaklar,none,
emisli-ayicik-vibrator-pembe,Emişli Ayıcık Vibratör Pembe,"fetis-fantezi, kadinlara-ozel",kadin,
emisli-curved-rabbit-vibrator-pembe,Emişli Curved Rabbit Vibratör Pembe,"modern-vibratorler, sex-oyuncaklari",none,
enduro-blaster-penis,ENDURO BLASTER PENİS,"realistik-dildolar, sex-oyuncaklari",none,
eroshop-20cm-gercekci-vibrator,EroShop 20CM GERÇEKÇİ VİBRATÖR,"realistik-vibratorler, sex-oyuncaklari",none,
eroshop-alexs-penis,EROSHOP ALEX'S PENİS,"realistik-dildolar, sex-oyuncaklari",none,
eroshop-anal-plug,Eroshop Anal Plug,anal-oyuncaklar,none,
eroshop-anal-tikac-plug,EroShop Anal Tıkaç (Plug),anal-oyuncaklar,none,
eroshop-ayarlanabilir-guclu-titresimli-zenci-vibrator-22cm,Eroshop AYARLANABİLİR GÜÇLÜ TİTREŞİMLİ ZENCİ VİBRATÖR 22CM,"realistik-vibratorler, sex-oyuncaklari",none,
ero-shop-barbara-8-3-inc-dildo,Ero Shop Barbara 8.3 İnç Dildo,"realistik-dildolar, sex-oyuncaklari",none,
eroshop-bella-strapon,Eroshop BELLA STRAPON,"belden-baglamalilar, sex-oyuncaklari",none,
ero-shop-bunion-gercek-hissiyatli-uzatici-penis-kilifi,Ero Shop Bunion Gerçek Hissiyatlı Uzatıcı Penis Kılıfı,"halka-kiliflar, sex-oyuncaklari",none,
ero-shop-gercekci-kalca-masturbator-1040gr,Ero Shop Gerçekçi Kalça Mastürbatör 1040gr,"erkeklere-ozel, suni-vajina-masturbatorler",erkek,
ero-shop-keira-evo-skeleton-tam-realistik-manken,Ero Shop Keira EVO-Skeleton Tam Realistik Manken,realistik-mankenler,none,
eroshop-kikirdak-yapili-cift-katmanli-gercekci-dildo-penis,Eroshop Kıkırdak Yapılı Çift Katmanlı Gerçekçi Dildo Penis,"et-dokulu-urunler, sex-oyuncaklari",cift,
eroshop-komple-vucudu-saran-fantezi-vucut-corabi,Eroshop Komple Vücudu Saran Fantezi Vücut Çorabı,"fetis-fantezi, kadinlara-ozel",kadin,
eroshop-love-clone-et-doku-penis,Eroshop Love Clone Et Doku Penis,"realistik-vibratorler, sex-oyuncaklari",none,
eroshop-love-clone-realistik-vibrator,Eroshop Love Clone Realistik Vibratör,"et-dokulu-urunler, sex-oyuncaklari",none,
eroshop-love-shop-titresimli-penis,Eroshop Love Shop Titreşimli Penis,"realistik-vibratorler, sex-oyuncaklari",none,
eroshop-mini-pembe-vibrator,Eroshop Mini Pembe Vibratör,anal-oyuncaklar,none,
eroshop-modern-vibrator,Eroshop Modern Vibratör,"modern-vibratorler, sex-oyuncaklari",none,
ero-shop-nicole-evo-skeleton-tam-realistik-manken,Ero Shop Nicole EVO-Skeleton Tam Realistik Manken,realistik-mankenler,none,
eroshop-pussix-vibe-titresimli-suni-vajina-masturbator,EROSHOP PUSSİX VİBE TİTREŞİMLİ SUNİ VAJİNA MASTÜRBATÖR,"erkeklere-ozel, suni-vajina-masturbatorler",erkek,
ero-shop-seffaf-mavi-realistik-dildo-20-cm-esnek-jel-doku-damarli-gercekci-penis,"Ero Shop Şeffaf Mavi Realistik Dildo 20 cm – Esnek Jel Doku, Damarlı Gerçekçi Penis","realistik-dildolar, sex-oyuncaklari",none,
ero-shop-seffaf-pembe-realistik-dildo-23-cm,Ero Shop Şeffaf Pembe Realistik Dildo 23 cm,"realistik-dildolar, sex-oyuncaklari",none,
ero-shop-seffaf-realistik-dildo-23-cm,Ero Shop Şeffaf Realistik Dildo 23 cm,"realistik-dildolar, sex-oyuncaklari",none,
eroshop-seffaf-silikon-fosforlu-dildo-13-cm,Eroshop Şeffaf Silikon Fosforlu Dildo 13 cm,"realistik-dildolar, sex-oyuncaklari",none,
eroshop-sexy-baby-yumurta-vibrator,Eroshop Sexy Baby Yumurta Vibratör,"modern-vibratorler, sex-oyuncaklari",none,
ero-shop-silikon-seffaf-mavi-realistik-dildo-175-cm,"Ero Shop Silikon Şeffaf Mavi Realistik Dildo – 17,5 cm","realistik-dildolar, sex-oyuncaklari",none,
ero-shop-silikon-seffaf-mor-renkli-realistik-dildo-20-cm,Ero Shop Silikon Şeffaf Mor Renkli Realistik Dildo – 20 cm,"realistik-dildolar, sex-oyuncaklari",none,
eroshop-siyah-19-cm-esnek-penis-dildo,Eroshop Siyah 19 Cm Esnek Penis Dildo,"realistik-dildolar, sex-oyuncaklari",none,
ero-shop-siyah-dildo-nokta-tirtikli,Ero Shop Siyah Dildo Nokta Tırtıklı,"realistik-dildolar, sex-oyuncaklari",none,
ero-shop-siyah-fantezi-maskesi,Ero Shop Siyah Fantezi Maskesi,"fetis-fantezi, kadinlara-ozel",kadin,
eroshop-suni-vajina-masturbator,Eroshop Suni Vajina Mastürbatör,"erkeklere-ozel, suni-vajina-masturbatorler",erkek,
eroshop-suni-vajina-masturbator-2,Eroshop Suni Vajina Mastürbatör 2,"erkeklere-ozel, suni-vajina-masturbatorler",erkek,
eroshop-testis-girisli-realistik-penis-kilifi,Eroshop Testis Girişli Realistik Penis Kılıfı,"erkeklere-ozel, halka-kiliflar",erkek,
eroshop-tilki-kuyrugu-anal-plug,Eroshop Tilki Kuyruğu Anal Plug,anal-oyuncaklar,none,
eroshop-tilki-kuyruk-anal-plug-rainbow,Eroshop Tilki Kuyruk Anal Plug Rainbow,anal-oyuncaklar,none,
eroshop-titresimli-penis-halkasi,EroShop TİTREŞİMLİ PENİS HALKASI,"erkeklere-ozel, halka-kiliflar",erkek,
ero-shop-v20-ileri-gidip-gelen-emisli-gelismis-vibrator,Ero Shop V20 İleri Gidip Gelen Emişli Gelişmiş Vibratör,"modern-vibratorler, sex-oyuncaklari",none,
eroshop-vucut-corabi-buyuleyici,Eroshop Vücut Çorabı Büyüleyici,"fantezi-giyim, kadinlara-ozel",kadin,
eroshop-yarim-boy-gercekci-manken-masturbator,Eroshop Yarım Boy Gerçekçi Manken Mastürbatör,"erkeklere-ozel, suni-vajina-masturbatorler",erkek,
et-doku-kikirdakli-penis-chisa,Et Doku Kıkırdaklı Penis Chisa,"et-dokulu-urunler, sex-oyuncaklari",none,
extra-sleve-dolgulu-et-doku-penis-kilifi,EXTRA SLEVE Dolgulu Et Doku Penis Kılıfı,"erkeklere-ozel, halka-kiliflar",erkek,
extra-sleve-dolgulu-penis-kilifi,EXTRA SLEVE Dolgulu Penis Kılıfı,"erkeklere-ozel, halka-kiliflar",erkek,
extra-sleve-et-doku-penis-kilifi,EXTRA SLEVE Et Doku Penis Kılıfı,"erkeklere-ozel, halka-kiliflar",erkek,
extra-sleve-penis-kilifi,EXTRA SLEVE Penis Kılıfı,"et-dokulu-urunler, sex-oyuncaklari",none,
fantezi-deri-aksesuar-vucut-harness-tasmali-siyah,FANTEZİ DERİ AKSESUAR VÜCUT HARNESS TASMALI SİYAH,"fetis-fantezi, sex-oyuncaklari",none,
fantezi-deri-kirbac,Fantezi Deri Kırbaç,"fetis-fantezi, kadinlara-ozel",kadin,
fantezi-deri-saplak,Fantezi Deri Şaplak,"fetis-fantezi, kadinlara-ozel",kadin,
fantezi-deri-vucut-harness-takimi-siyah-tasma-kelepce-ve-kulot-seti,"Fantezi Deri Vücut Harness Takımı – Siyah Tasma, Kelepçe ve Külot Seti","fetis-fantezi, sex-oyuncaklari",none,
female-wand-massager-sarjli-vibrator,Female Wand Massager Şarjlı Vibratör,"modern-vibratorler, sex-oyuncaklari",none,
female-wand-massager-sarjli-vibrator-siyah,Female Wand Massager Şarjlı Vibratör - Siyah,"realistik-vibratorler, sex-oyuncaklari",none,
fetis-fantezi-metal-kelepce,FETİŞ FANTEZİ METAL KELEPÇE,"fetis-fantezi, sex-oyuncaklari",none,
fetis-fantezi-mor-peluslu-metal-kelepce,FETİŞ FANTEZİ MOR PELUŞLU METAL KELEPÇE,"fetis-fantezi, kadinlara-ozel",kadin,
fusya-ponpon-anal-plug,Fuşya Ponpon Anal Plug,anal-oyuncaklar,none,
geciktirici-krem-viga-150000,Geciktirici Krem Viga 150000,geciktiriciler,none,
gercek-boyut-kalca-masturbator-55-kg,"Gerçek Boyut Kalça Mastürbatör – 5,5 kg","sex-oyuncaklari, suni-vajina-masturbatorler",none,
gercekci-dildo-kalca-masturbator,Gerçekçi Dildo Kalça Mastürbatör,"sex-oyuncaklari, suni-vajina-masturbatorler",none,
gercekci-sisme-kadin-esmer,Gerçekçi Şişme Kadın Esmer,"sex-oyuncaklari, sisme-kadinlar",none,
gercekci-sisme-kadin-sarisin,Gerçekçi Şişme Kadın Sarışın,"sex-oyuncaklari, sisme-kadinlar",none,
gercekci-ten-dokusunda-vajina-masturbator,Gerçekçi Ten Dokusunda Vajina Mastürbatör,"erkeklere-ozel, suni-vajina-masturbatorler",erkek,
gercekci-uzun-kalin-dildo-penis,Gerçekçi Uzun & Kalın Dildo Penis,"realistik-dildolar, sex-oyuncaklari",none,
gercekci-vajina-masturbator,Gerçekçi Vajina Mastürbatör,"sex-oyuncaklari, suni-vajina-masturbatorler",none,
gerd-gercek-hissiyatli-testis-halkali-penis-kilifi-77-inc-ten-rengi,Gerd Gerçek Hissiyatlı Testis Halkalı Penis Kılıfı 7.7 İnç – Ten Rengi,"halka-kiliflar, sex-oyuncaklari",none,
g-nokta-uyarici-vibrator-rose,G Nokta Uyarıcı Vibratör Rose,"modern-vibratorler, sex-oyuncaklari",none,
goz-alici-tas-detayli-file-mini-elbise,Göz Alıcı Taş Detaylı File Mini Elbise,"fantezi-giyim, kadinlara-ozel",kadin,
guclu-titresimli-jel-dokulu-klasik-vibrator-penis,Güçlü Titreşimli Jel Dokulu Klasik Vibratör Penis,realistik-vibratorler,none,
guclu-titresimli-jel-dokulu-klasik-vibrator-penis-21-cm,Güçlü Titreşimli Jel Dokulu Klasik Vibratör Penis 21 CM,realistik-vibratorler,none,
guclu-titresimli-jel-dokulu-klasik-vibrator-penis-21-cm-mor,Güçlü Titreşimli Jel Dokulu Klasik Vibratör Penis 21 CM - Mor,realistik-vibratorler,none,
ici-bos-titresimli-belden-baglamali-vajina-girisli-protez-kumandali-vibrator,İçi Boş Titreşimli Belden Bağlamalı Vajina Girişli Protez Kumandalı Vibratör,"belden-baglamalilar, sex-oyuncaklari",none,
isitmali-ileri-geri-hareketli-ve-rotasyonlu-gercekci-damarli-yapay-penis-vibrator,Isıtmalı İleri Geri Hareketli ve Rotasyonlu Gerçekçi Damarlı Yapay Penis Vibratör,"et-dokulu-urunler, sex-oyuncaklari",none,
jel-dokuda-testissiz-ultra-yumusak-seffaf-mini-yapay-penis-13-cm,Jel Dokuda Testissiz Ultra Yumuşak Şeffaf Mini Yapay Penis 13 CM,anal-oyuncaklar,none,
jel-dokulu-realistik-penis,Jel Dokulu Realistik Penis,"realistik-dildolar, sex-oyuncaklari",none,
jelly-dildo-ultra-yumusak-dokulu-dildo-testissiz-jel-dokulu-realistik-penis-18-cm,JELLY DILDO Ultra Yumuşak Dokulu Dildo Testissiz Jel Dokulu Realistik Penis 18 CM,"realistik-dildolar, sex-oyuncaklari",none,
jenny-doll-yellov-realistik-sisme-manken,Jenny Doll Yellov Realistik Şişme Manken,"erkeklere-ozel, sisme-kadinlar",erkek,
julia-evo-skeleton-tam-realistik-manken-138-cm,Julia EVO-Skeleton Tam Realistik Manken 138 CM,realistik-mankenler,none,
kademeli-olarak-titresim-saglayan-titresim-topu,Kademeli Olarak Titreşim Sağlayan Titreşim Topu,"modern-vibratorler, sex-oyuncaklari",none,
kamasutra-oyun-kartlari,KamaSutra Oyun Kartları,"fetis-fantezi, kadinlara-ozel",kadin,
kelepceli-dantelli-jartiyer-takimi-beyaz,Kelepçeli Dantelli Jartiyer Takımı Beyaz,"fetis-fantezi, sex-oyuncaklari",none,
kelepceli-dantelli-jartiyer-takimi-siyah,Kelepçeli Dantelli Jartiyer Takımı Siyah,"fetis-fantezi, sex-oyuncaklari",none,
keon-214-cm-cift-katmanli-et-doku-penis-dildo,"KEON 21,4 CM Çift Katmanlı Et Doku Penis Dildo","realistik-dildolar, sex-oyuncaklari",cift,
kirmizi-deri-el-ayak-kelepcesi,Kırmızı Deri El Ayak Kelepçesi,"fetis-fantezi, sex-oyuncaklari",none,
kirmizi-fantezi-deri-vucut-seti-harness,Kırmızı Fantezi Deri Vücut Seti Harness,"fetis-fantezi, sex-oyuncaklari",none,
kirmizi-peluslu-metal-kelepce,KIRMIZI PELUŞLU METAL KELEPÇE,"fetis-fantezi, sex-oyuncaklari",none,
kirmizi-ponpon-anal-plug,Kırmızı Ponpon Anal Plug,anal-oyuncaklar,none,
klitoris-ve-g-spot-uyarici-2-in-1-rabbit-vibrator,Klitoris ve G-Spot Uyarıcı 2 in 1 Rabbit Vibratör,"realistik-vibratorler, sex-oyuncaklari",none,
kumandali-giyilebilir-titresimli-yumurta-vibrator-10-modlu,Kumandalı Giyilebilir Titreşimli Yumurta Vibratör – 10 Modlu,"modern-vibratorler, sex-oyuncaklari",none,
kylian-gercek-hissiyatli-uzatici-penis-kilifi-77-inc-ten-rengi,Kylian Gerçek Hissiyatlı Uzatıcı Penis Kılıfı 7.7 İnç – Ten Rengi,"halka-kiliflar, sex-oyuncaklari",none,
leopar-desenli-kelepce-detayli-seksi-ic-camasir-takimi,Leopar Desenli Kelepçe Detaylı Seksi İç Çamaşır Takımı,"fetis-fantezi, sex-oyuncaklari",none,
lifelike-vibe-guclu-titresimli-klasik-kalin-realistik-vibrator-penis,LIFELIKE VIBE Güçlü Titreşimli Klasik Kalın Realistik Vibratör Penis,"realistik-vibratorler, sex-oyuncaklari",none,
lilly-love-doll-3-islevli-sisme-bebek,Lilly Love Doll 3 İşlevli Şişme Bebek,"sex-oyuncaklari, sisme-kadinlar",none,
lipstick-vibe-ruj-vibrator,Lipstick Vibe Ruj Vibratör,"modern-vibratorler, sex-oyuncaklari",none,
mega-boy-realistik-dar-anal-vajinal-girisli-et-dokusunda-kalca-masturbator,Mega Boy Realistik Dar Anal Vajinal Girişli Et Dokusunda Kalça Mastürbatör,"erkeklere-ozel, suni-vajina-masturbatorler",erkek,
melez-jasiel-full-realistik-sex-doll,Melez Jaseii Full Realistik Sex Doll,realistik-mankenler,none,
mini-kursun-vibrator-mavi,Mini Kurşun Vibratör Mavi,"modern-vibratorler, sex-oyuncaklari",none,
mini-kursun-vibrator-mor,Mini Kurşun Vibratör Mor,"modern-vibratorler, sex-oyuncaklari",none,
modern-dilli-rabbit-vibrator,Modern Dilli Rabbit Vibratör,"modern-vibratorler, sex-oyuncaklari",none,
mucevher-tasli-buyuk-boy-paslanmaz-celik-anal-tikac,Mücevher Taşlı Büyük Boy Paslanmaz Çelik Anal Tıkaç,anal-oyuncaklar,none,
mucevher-tasli-kucuk-boy-paslanmaz-celik-anal-tikac,Mücevher Taşlı Küçük Boy Paslanmaz Çelik Anal Tıkaç,anal-oyuncaklar,none,
mucevher-tasli-orta-boy-paslanmaz-celik-anal-tikac,Mücevher Taşlı Orta Boy Paslanmaz Çelik Anal Tıkaç,anal-oyuncaklar,none,
nancy-love-doll-3-islevli-sisme-bebek,Nancy Love Doll 3 İşlevli Şişme Bebek,"sex-oyuncaklari, sisme-kadinlar",none,
noxxx-t-anal-plug-mor,NOXXX T Anal Plug Mor,anal-oyuncaklar,none,
okey-cifte-haz-prezervatif,Okey Çifte Haz Prezervatif,"kozmetik, prezervatifler",cift,
okey-hisset-prezervatif,Okey Hisset Prezervatif,"kozmetik, prezervatifler",none,
okey-ritim-prezervatif-10lu,Okey Ritim Prezervatif 10'Lu,"prezervatifler, sex-oyuncaklari",none,
okey-rotar-prezervatif,Okey Rötar Prezervatif,"kozmetik, prezervatifler",none,
okey-sicak-temas-prezervatif,Okey Sıcak Temas Prezervatif,"kozmetik, prezervatifler",none,
okey-simsiki-prezervatif,Okey Sımsıkı Prezervatif,"kozmetik, prezervatifler",none,
okey-zirve-prezervatif,Okey Zirve Prezervatif,"kozmetik, prezervatifler",none,
parlak-dantelli-mini-etek-vucut-corabi,Parlak Dantelli Mini Etek Vücut Çorabı,"fantezi-giyim, sex-oyuncaklari",none,
parlak-dantel-transparan-vucut-corabi,Parlak Dantel Transparan Vücut Çorabı,"fetis-fantezi, kadinlara-ozel",kadin,
parlak-dantel-transparan-vucut-corabi-kirmizi,Parlak Dantel Transparan Vücut Çorabı Kırmızı,"fantezi-giyim, sex-oyuncaklari",none,
parlak-dantel-transparan-vucut-corabi-mini-etek-konsepti,Parlak Dantel Transparan Vücut Çorabı Mini Etek Konsepti,"fantezi-giyim, sex-oyuncaklari",none,
parmaga-takilabilir-klitoris-ve-g-spot-uyarici-2-in-1-vibrator,Parmağa Takılabilir Klitoris ve G-Spot Uyarıcı 2 in 1 Vibratör,"fetis-fantezi, kadinlara-ozel",kadin,
passion-cup-kutulu-realistik-vajina-masturbator,Passion Cup Kutulu Realistik Vajina Mastürbatör,"erkeklere-ozel, suni-vajina-masturbatorler",erkek,
penextender-xl-pump-penis-pompasi,PENEXTENDER® XL PUMP PENIS POMPASI,"erkeklere-ozel, penis-pompalari",erkek,
penis-sleeve-uzatmali-seffaf-silikon-penis-kilifi,Penis Sleeve Uzatmalı Şeffaf Silikon Penis Kılıfı,"halka-kiliflar, sex-oyuncaklari",none,
potioon-kadin-damla,Potioon Kadın Damla,"bayan-istek-arttiricilar, kadinlara-ozel",kadin,
pozisyon-zari-beyaz,Pozisyon Zarı Beyaz,"fetis-fantezi, kadinlara-ozel",kadin,
pozizyon-zari-siyah,Pozizyon Zarı Siyah,"fetis-fantezi, sex-oyuncaklari",none,
realistik-ten-penis-vibrator-et-doku-cift-katmanli,REALİSTİK TEN PENİS VİBRATÖR Et Doku Çift Katmanlı,"realistik-vibratorler, sex-oyuncaklari",cift,
real-pussy-gercekci-ten-dokusunda-vajina-masturbator,REAL PUSSY Gerçekçi Ten Dokusunda Vajina Mastürbatör,"erkeklere-ozel, suni-vajina-masturbatorler",erkek,
renkli-teknolojik-vibrator,Renkli Teknolojik Vibratör,"realistik-vibratorler, sex-oyuncaklari",none,
samuels-penis-strap-on,SAMUEL'S PENİS STRAP-ON,"belden-baglamalilar, sex-oyuncaklari",none,
seffaf-silikon-anal-vibrator,Şeffaf Silikon Anal Vibratör,anal-oyuncaklar,none,
seffaf-silikon-anal-vibrator-siyah,Şeffaf Silikon Anal Vibratör Siyah,anal-oyuncaklar,none,
seffaf-silikon-penis-kilifi-tirtikli,Şeffaf Silikon Penis Kılıfı Tırtıklı,"erkeklere-ozel, halka-kiliflar",erkek,
seksi-liseli-kiz-kostumu-corap-hediyeli,Seksi Liseli Kız Kostümü+ ÇORAP HEDİYELİ -,"fantezi-giyim, sex-oyuncaklari",none,
sfliege-kadin-damla,Sfliege Kadın Damla,"bayan-istek-arttiricilar, kadinlara-ozel",kadin,
silikonlu-anal-tikac-plug-185cm,SİLİKONLU ANAL TIKAÇ PLUG 18.5CM,"anal-oyuncaklar, sex-oyuncaklari",none,
silky-kiss-aloe-vera-ozlu-prezervatif,Silky Kiss Aloe Vera Özlü Prezervatif,"kozmetik, prezervatifler",none,
silky-kiss-cilek-aromali-prezervatif,Silky Kiss Çilek Aromalı Prezervatif,"kozmetik, prezervatifler",none,
silky-kiss-klasik-prezervatif,Silky Kiss Klasik Prezervatif,"kozmetik, prezervatifler",none,
silky-kiss-love-ekstra-ince-prezervatif,Silky Kiss Love Ekstra İnce Prezervatif,"kozmetik, prezervatifler",none,
silky-kiss-maximum-tirtikli-ve-benekli-prezervatif,Silky Kiss Maximum Tırtıklı ve Benekli Prezervatif,"kozmetik, prezervatifler",none,
silky-kiss-uzun-geceler-prezervatif,Silky Kiss Uzun Geceler Prezervatif,"kozmetik, prezervatifler",none,
silvia-evo-skeleton-tam-realistik-manken-138-cm,Silvia EVO-Skeleton Tam Realistik Manken 138 CM,realistik-mankenler,none,
siyah-dantelli-fantezi-tulum-tum-boy,Siyah Dantelli Fantezi Tulum Tüm Boy,"fantezi-giyim, kadinlara-ozel",kadin,
siyah-deri-el-ayak-kelepcesi-metal-zincir-baglantili,Siyah Deri El Ayak Kelepçesi Metal Zincir Bağlantılı,"fetis-fantezi, sex-oyuncaklari",none,
siyah-et-doku-penis-vibrator,Siyah Et Doku Penis Vibratör,"et-dokulu-urunler, sex-oyuncaklari",none,
siyah-kirmizi-fantezi-kelepce-kirbac-seti-7li,Siyah Kırmızı Fantezi Kelepçe Kırbaç Seti 7'Li,"fetis-fantezi, kadinlara-ozel",kadin,
siyah-penis-kilidi,Siyah Penis Kilidi,"erkeklere-ozel, halka-kiliflar",erkek,
sophia-full-realistik-sex-doll,Sophia Full Realistik Sex Doll,realistik-mankenler,none,
stag-9000-geciktirici-sprey,Stag 9000 Geciktirici Sprey,geciktiriciler,none,
strapon-ici-bos-belden-baglamali-penis-vibrator,STRAPON İÇİ BOŞ Belden Bağlamalı Penis Vibratör,"belden-baglamalilar, sex-oyuncaklari",none,
tasinabilir-manuel-anal-masturbator-snail-cup,Taşınabilir Manuel Anal Mastürbatör Snail Cup,"sex-oyuncaklari, suni-vajina-masturbatorler",none,
tavsan-maskeli-ve-fantezi-full-body-seti,TAVŞAN MASKELİ VE FANTEZİ FULL BODY SETİ,"fetis-fantezi, sex-oyuncaklari",none,
telefon-kontrollu-hareketli-gercekci-dildo-vibrator,Telefon Kontrollü Hareketli Gerçekçi Dildo Vibratör,"et-dokulu-urunler, sex-oyuncaklari",none,
telefon-kontrollu-sarjli-g-nokta-ve-klitoris-uyarici-giyilebilir-mini-vibrator,Telefon Kontrollü Şarjlı G Nokta ve Klitoris Uyarıcı Giyilebilir Mini Vibratör,"modern-vibratorler, sex-oyuncaklari",none,
testissiz-realistik-siyah-anal-penis,Testissiz Realistik Siyah Anal Penis,"realistik-dildolar, sex-oyuncaklari",none,
titan-gold-gel-penis-bakim-kremi-50ml,Titan Gold Gel Penis Bakım Kremi 50ML,"erkeklere-ozel, penis-pompalari",erkek,
titresimli-dildo-vibrator-penis,Titreşimli Dildo Vibratör Penis,"realistik-vibratorler, sex-oyuncaklari",none,
titresimli-ve-rotasyonlu-realistik-vibrator,Titreşimli ve Rotasyonlu Realistik Vibratör,"realistik-vibratorler, sex-oyuncaklari",none,
titresimli-yumusak-dokulu-tirtikli-jel-vibrator-penis-kirmizi,Titreşimli Yumuşak Dokulu Tırtıklı Jel Vibratör Penis - Kırmızı,"modern-vibratorler, sex-oyuncaklari",none,
titresimli-yumusak-dokulu-tirtikli-jel-vibrator-penis-mor,Titreşimli Yumuşak Dokulu Tırtıklı Jel Vibratör Penis - Mor,"modern-vibratorler, sex-oyuncaklari",none,
uclu-penis-halkasi-seti,Üçlü Penis Halkası Seti,"erkeklere-ozel, halka-kiliflar",erkek,
ultra-gercekci-otomatik-suni-vajina-masturbator,Ultra Gerçekçi Otomatik Suni Vajina Mastürbatör,"erkeklere-ozel, suni-vajina-masturbatorler",erkek,
ultra-realistik-isitma-ileri-geri-ve-donme-fonksiyonlu-gercekci-vibrator,Ultra Realistik Isıtma İleri Geri ve Dönme Fonksiyonlu Gerçekçi Vibratör,"et-dokulu-urunler, sex-oyuncaklari",none,
ultra-yumusak-dokulu-titresimli-ve-rotasyonlu-realistik-vibrator-penis,Ultra Yumuşak Dokulu Titreşimli ve Rotasyonlu Realistik Vibratör Penis,"et-dokulu-urunler, sex-oyuncaklari",none,
victoria-doll-realistik-sisme-manken,VICTORIA DOLL Realistik Şişme Manken,"erkeklere-ozel, sisme-kadinlar",erkek,
viga-100000-geciktirici-sprey,Viga 100000 Geciktirici Sprey,geciktiriciler,none,
viga-150000-geciktirici-sprey,Viga 150000 Geciktirici Sprey,geciktiriciler,none,
viga-50000-geciktirici-krem,Viga 50000 Geciktirici Krem,geciktiriciler,none,
viga-50000-geciktirici-sprey,Viga 50000 Geciktirici Sprey,geciktiriciler,none,
waves-of-et-doku-vibrator-titresimli,Waves Of Et Doku Vibratör Titreşimli,"realistik-vibratorler, sex-oyuncaklari",none,
waves-of-pleasure-et-doku-vibrator,WAVES OF PLEASURE Et Doku Vibratör,"et-dokulu-urunler, sex-oyuncaklari",none,
yarim-vucut-mega-boy-ultra-realistik-manken,Yarım Vücut Mega Boy Ultra Realistik Manken,"et-dokulu-urunler, sex-oyuncaklari",none,
yarim-vucut-realistik-kadin-seks-mankeni-ultra-gercekci-dokulu-yetiskin-oyuncak,Yarım Vücut Realistik Kadın Seks Mankeni – Ultra Gerçekçi Dokulu Yetişkin Oyuncak,"erkeklere-ozel, suni-vajina-masturbatorler",erkek,
yarim-vucut-silikon-seksi-manken,Yarım Vücut Silikon Seksi Manken,"erkeklere-ozel, suni-vajina-masturbatorler",erkek,
yeni-nesil-cift-katmanli-realistik-vantuzlu-testissiz-melez-dildo-penis,Yeni Nesil Çift Katmanlı Realistik Vantuzlu Testissiz Melez Dildo Penis,"realistik-dildolar, sex-oyuncaklari",cift,
yumusak-dokulu-penis-kilifi,Yumuşak Dokulu Penis Kılıfı,"erkeklere-ozel, halka-kiliflar",erkek,
yumusak-dokulu-titresimli-ve-rotasyonlu-realistik-vibrator,Yumuşak Dokulu Titreşimli ve Rotasyonlu Realistik Vibratör,"belden-baglamalilar, sex-oyuncaklari",none,